{"cameraMode":{"drawMode":0,"name":"Shaded","section":"Shading Mode"},"sceneLighting":true,"audioPlay":false,"sceneViewState":{"showFog":true,"showMaterialUpdate":true,"showSkybox":false,"showFlares":true,"showImageEffects":true,"showParticleSystems":true},"in2DMode":false,"pivot":{"x":-0.5303003787994385,"y":0.07725930213928223,"z":0.7754850387573242},"rotation":{"x":-0.1359906941652298,"y":-0.07512129098176956,"z":0.010341925546526909,"w":-0.9878045916557312},"size":2.6965620517730715,"orthographic":false}