{"cameraMode":{"drawMode":0,"name":"Shaded","section":"Shading Mode"},"sceneLighting":true,"audioPlay":false,"sceneViewState":{"showFog":true,"showMaterialUpdate":true,"showSkybox":false,"showFlares":true,"showImageEffects":true,"showParticleSystems":true},"in2DMode":false,"pivot":{"x":-6.176242351531982,"y":-2.112570285797119,"z":3.873845100402832},"rotation":{"x":0.056161511689424518,"y":-0.13230015337467194,"z":-0.007508514914661646,"w":-0.9896097183227539},"size":2.4785051345825197,"orthographic":false}