{"cameraMode":{"drawMode":0,"name":"Shaded","section":"Shading Mode"},"sceneLighting":false,"audioPlay":false,"sceneViewState":{"showFog":true,"showMaterialUpdate":true,"showSkybox":false,"showFlares":true,"showImageEffects":true,"showParticleSystems":true},"in2DMode":false,"pivot":{"x":-7.650000095367432,"y":-2.505000114440918,"z":5.849999904632568},"rotation":{"x":0.03319622576236725,"y":0.23670296370983125,"z":0.00816395040601492,"w":-0.9710404872894287},"size":2.203122138977051,"orthographic":false}