{"cameraMode":{"drawMode":0,"name":"Shaded","section":"Shading Mode"},"sceneLighting":false,"audioPlay":false,"sceneViewState":{"showFog":true,"showMaterialUpdate":true,"showSkybox":false,"showFlares":true,"showImageEffects":true,"showParticleSystems":true},"in2DMode":false,"pivot":{"x":-7.878446578979492,"y":-2.7167165279388429,"z":5.897825241088867},"rotation":{"x":-0.031121034175157548,"y":0.20895905792713166,"z":-0.006569091696292162,"w":-0.9774731397628784},"size":1.6031222343444825,"orthographic":false}