{"cameraMode":{"drawMode":0,"name":"Shaded","section":"Shading Mode"},"sceneLighting":false,"audioPlay":false,"sceneViewState":{"showFog":true,"showMaterialUpdate":true,"showSkybox":false,"showFlares":true,"showImageEffects":true,"showParticleSystems":true},"in2DMode":false,"pivot":{"x":147.97113037109376,"y":1.9991340637207032,"z":6.000649452209473},"rotation":{"x":-0.11421588063240051,"y":-0.4402441680431366,"z":0.05658341944217682,"w":-0.8887977004051209},"size":3.2986767292022707,"orthographic":false}