{"cameraMode":{"drawMode":0,"name":"Shaded","section":"Shading Mode"},"sceneLighting":false,"audioPlay":false,"sceneViewState":{"showFog":true,"showMaterialUpdate":true,"showSkybox":false,"showFlares":true,"showImageEffects":true,"showParticleSystems":true},"in2DMode":false,"pivot":{"x":-12.822515487670899,"y":1.0556755065917969,"z":8.35208797454834},"rotation":{"x":-0.10190252959728241,"y":0.5411752462387085,"z":-0.06619614362716675,"w":-0.8321511149406433},"size":5.603829383850098,"orthographic":false}