{"cameraMode":{"drawMode":0,"name":"Shaded","section":"Shading Mode"},"sceneLighting":false,"audioPlay":false,"sceneViewState":{"showFog":true,"showMaterialUpdate":true,"showSkybox":false,"showFlares":true,"showImageEffects":true,"showParticleSystems":true},"in2DMode":false,"pivot":{"x":200.59902954101563,"y":12.625,"z":5.994999885559082},"rotation":{"x":-0.08119616657495499,"y":-0.3069433569908142,"z":0.027514368295669557,"w":-0.9480970501899719},"size":3.3006999492645265,"orthographic":false}